Source,casNumber,chemical,route,durationClass,timeInterval,timeActual,concentrationThreshold,thresholdSource,minSafLevel,totalFactors,Endpoint,carcinogen,reproductiveHazard,healthHazardratingNFPA,,OutcomeText,,,,,,,,,,,
A,71-43-2,BENZENE,Exposure,Acute,hours,8,1,OSHA_PEL,0,,immuno.,1,1,2,2,"Irritate Skin, Eyes, Throat, Nose, Headache, Dizziness, Lightheadedness,Nausea, Vomitting, Convulsiuons, Comma, Sudden Death",,,,,,,,,,,
A,71-43-2,BENZENE,Exposure,Acute,min,15,5,OSHA_PEL,0,,immuno.,1,1,2,2,"Irritate Skin, Eyes, Throat, Nose, Headache, Dizziness, Lightheadedness,Nausea, Vomitting, Convulsiuons, Comma, Sudden Death",,,,,,,,,,,
A,71-43-2,BENZENE,Exposure,Acute,hours,10,0.5,NISOH_PEL,0,,immuno.,1,1,2,2,"Irritate Skin, Eyes, Throat, Nose, Headache, Dizziness, Lightheadedness,Nausea, Vomitting, Convulsiuons, Comma, Sudden Death",,,,,,,,,,,
A,71-43-2,BENZENE,Inh.,Acute,days,1,0.009,ATSDR MRL,0,300,immuno.,1,1,2,2,"Irritate Skin, Eyes, Throat, Nose, Headache, Dizziness, Lightheadedness,Nausea, Vomitting, Convulsiuons, Comma, Sudden Death",,,,,,,,,,,
A,71-43-2,BENZENE,Inh.,Int.,days,15,0.006,ATSDR MRL,0,300,immuno.,1,1,2,2,"Irritate Skin, Eyes, Throat, Nose, Headache, Dizziness, Lightheadedness,Nausea, Vomitting, Convulsiuons, Comma, Sudden Death",,,,,,,,,,,
A,71-43-2,BENZENE,Inh.,Chr.,Years,1,0.003,ATSDR MRL,0,10,immuno.,1,1,2,2,"Irritate Skin, Eyes, Throat, Nose, Headache, Dizziness, Lightheadedness,Nausea, Vomitting, Convulsiuons, Comma, Sudden Death",,,,,,,,,,,
A,71-43-2,BENZENE,Exposure,Acute,min,10,130,AEGL1,0,,immuno.,1,1,2,2,"Irritate Skin, Eyes, Throat, Nose, Headache, Dizziness, Lightheadedness,Nausea, Vomitting, Convulsiuons, Comma, Sudden Death",,,,,,,,,,,
A,71-43-2,BENZENE,Exposure,Acute,min,30,73,AEGL1,0,,immuno.,1,1,2,2,"Irritate Skin, Eyes, Throat, Nose, Headache, Dizziness, Lightheadedness,Nausea, Vomitting, Convulsiuons, Comma, Sudden Death",,,,,,,,,,,
A,71-43-2,BENZENE,Exposure,Acute,min,60,52,AEGL1,0,,immuno.,1,1,2,2,"Irritate Skin, Eyes, Throat, Nose, Headache, Dizziness, Lightheadedness,Nausea, Vomitting, Convulsiuons, Comma, Sudden Death",,,,,,,,,,,
A,71-43-2,BENZENE,Exposure,Acute,min,240,18,AEGL1,0,,immuno.,1,1,2,2,"Irritate Skin, Eyes, Throat, Nose, Headache, Dizziness, Lightheadedness,Nausea, Vomitting, Convulsiuons, Comma, Sudden Death",,,,,,,,,,,
A,71-43-2,BENZENE,Exposure,Acute,min,480,9,AEGL1,0,,immuno.,1,1,2,2,"Irritate Skin, Eyes, Throat, Nose, Headache, Dizziness, Lightheadedness,Nausea, Vomitting, Convulsiuons, Comma, Sudden Death",,,,,,,,,,,
A,71-43-2,BENZENE,Exposure,Acute,min,10,2000,AEGL2,0,,immuno.,1,1,2,2,"Irritate Skin, Eyes, Throat, Nose, Headache, Dizziness, Lightheadedness,Nausea, Vomitting, Convulsiuons, Comma, Sudden Death",,,,,,,,,,,
A,71-43-2,BENZENE,Exposure,Acute,min,30,1100,AEGL2,0,,immuno.,1,1,2,2,"Irritate Skin, Eyes, Throat, Nose, Headache, Dizziness, Lightheadedness,Nausea, Vomitting, Convulsiuons, Comma, Sudden Death",,,,,,,,,,,
A,71-43-2,BENZENE,Exposure,Acute,min,60,800,AEGL2,0,,immuno.,1,1,2,2,"Irritate Skin, Eyes, Throat, Nose, Headache, Dizziness, Lightheadedness,Nausea, Vomitting, Convulsiuons, Comma, Sudden Death",,,,,,,,,,,
A,71-43-2,BENZENE,Exposure,Acute,min,240,400,AEGL2,0,,immuno.,1,1,2,2,"Irritate Skin, Eyes, Throat, Nose, Headache, Dizziness, Lightheadedness,Nausea, Vomitting, Convulsiuons, Comma, Sudden Death",,,,,,,,,,,
A,71-43-2,BENZENE,Exposure,Acute,min,480,200,AEGL2,0,,immuno.,1,1,2,2,"Irritate Skin, Eyes, Throat, Nose, Headache, Dizziness, Lightheadedness,Nausea, Vomitting, Convulsiuons, Comma, Sudden Death",,,,,,,,,,,
A,71-43-2,BENZENE,Exposure,Acute,min,10,9700,AEGL3,0,,immuno.,1,1,2,2,"Irritate Skin, Eyes, Throat, Nose, Headache, Dizziness, Lightheadedness,Nausea, Vomitting, Convulsiuons, Comma, Sudden Death",,,,,,,,,,,
A,71-43-2,BENZENE,Exposure,Acute,min,30,5600,AEGL3,0,,immuno.,1,1,2,2,"Irritate Skin, Eyes, Throat, Nose, Headache, Dizziness, Lightheadedness,Nausea, Vomitting, Convulsiuons, Comma, Sudden Death",,,,,,,,,,,
A,71-43-2,BENZENE,Exposure,Acute,min,60,4000,AEGL3,0,,immuno.,1,1,2,2,"Irritate Skin, Eyes, Throat, Nose, Headache, Dizziness, Lightheadedness,Nausea, Vomitting, Convulsiuons, Comma, Sudden Death",,,,,,,,,,,
A,71-43-2,BENZENE,Exposure,Acute,min,240,2000,AEGL3,0,,immuno.,1,1,2,2,"Irritate Skin, Eyes, Throat, Nose, Headache, Dizziness, Lightheadedness,Nausea, Vomitting, Convulsiuons, Comma, Sudden Death",,,,,,,,,,,
A,71-43-2,BENZENE,Exposure,Acute,min,480,990,AEGL3,0,,immuno.,1,1,2,2,"Irritate Skin, Eyes, Throat, Nose, Headache, Dizziness, Lightheadedness,Nausea, Vomitting, Convulsiuons, Comma, Sudden Death",,,,,,,,,,,
A,100-41-4,ETHYLBENZENE ,Exposure,Acute,hours,8,100,OSHA_PEL,0,,Neurol,1,1,2,2,"Irritate Skin, Eyes, Throat, Nose, Headache, Dizziness, Lightheadedness,Nausea, Vomitting, Convulsiuons, Comma, Sudden Death",,,,,,,,,,,
A,100-41-4,ETHYLBENZENE ,Exposure,Acute,hours,10,125,NISOH_PEL,0,,Neurol,1,1,2,2,"Irritate Skin, Eyes, Throat, Nose, Headache, Dizziness, Lightheadedness,Nausea, Vomitting, Convulsiuons, Comma, Sudden Death",,,,,,,,,,,
A,100-41-4,ETHYLBENZENE ,Exposure,Acute,min,10,33,AEGL1,0,,Neurol,1,1,2,2,"Irritate Skin, Eyes, Throat, Nose, Headache, Dizziness, Lightheadedness,Nausea, Vomitting, Convulsiuons, Comma, Sudden Death",,,,,,,,,,,
A,100-41-4,ETHYLBENZENE ,Exposure,Acute,min,30,33,AEGL1,0,,Neurol,1,1,2,2,"Irritate Skin, Eyes, Throat, Nose, Headache, Dizziness, Lightheadedness,Nausea, Vomitting, Convulsiuons, Comma, Sudden Death",,,,,,,,,,,
A,100-41-4,ETHYLBENZENE ,Exposure,Acute,min,60,33,AEGL1,0,,Neurol,1,1,2,2,"Irritate Skin, Eyes, Throat, Nose, Headache, Dizziness, Lightheadedness,Nausea, Vomitting, Convulsiuons, Comma, Sudden Death",,,,,,,,,,,
A,100-41-4,ETHYLBENZENE ,Exposure,Acute,min,240,33,AEGL1,0,,Neurol,1,1,2,2,"Irritate Skin, Eyes, Throat, Nose, Headache, Dizziness, Lightheadedness,Nausea, Vomitting, Convulsiuons, Comma, Sudden Death",,,,,,,,,,,
A,100-41-4,ETHYLBENZENE ,Exposure,Acute,min,480,33,AEGL1,0,,Neurol,1,1,2,2,"Irritate Skin, Eyes, Throat, Nose, Headache, Dizziness, Lightheadedness,Nausea, Vomitting, Convulsiuons, Comma, Sudden Death",,,,,,,,,,,
A,100-41-4,ETHYLBENZENE ,Inh.,Acute,days,1,5,ATSDR MRL,0,,Neurol,1,1,2,2,"Irritate Skin, Eyes, Throat, Nose, Headache, Dizziness, Lightheadedness,Nausea, Vomitting, Convulsiuons, Comma, Sudden Death",,,,,,,,,,,
A,100-41-4,ETHYLBENZENE ,Inh.,Int.,days,15,2,ATSDR MRL,0,,Neurol,1,1,2,2,"Irritate Skin, Eyes, Throat, Nose, Headache, Dizziness, Lightheadedness,Nausea, Vomitting, Convulsiuons, Comma, Sudden Death",,,,,,,,,,,
A,100-41-4,ETHYLBENZENE ,Inh.,Chr.,years,1,0.06,ATSDR MRL,0,,Neurol,1,1,2,2,"Irritate Skin, Eyes, Throat, Nose, Headache, Dizziness, Lightheadedness,Nausea, Vomitting, Convulsiuons, Comma, Sudden Death",,,,,,,,,,,
A,100-41-4,ETHYLBENZENE ,Exposure,Acute,min,10,2900,AEGL2,0,,Neurol,1,1,2,2,"Irritate Skin, Eyes, Throat, Nose, Headache, Dizziness, Lightheadedness,Nausea, Vomitting, Convulsiuons, Comma, Sudden Death",,,,,,,,,,,
A,100-41-4,ETHYLBENZENE ,Exposure,Acute,min,30,1600,AEGL2,0,,Neurol,1,1,2,2,"Irritate Skin, Eyes, Throat, Nose, Headache, Dizziness, Lightheadedness,Nausea, Vomitting, Convulsiuons, Comma, Sudden Death",,,,,,,,,,,
A,100-41-4,ETHYLBENZENE ,Exposure,Acute,min,60,1100,AEGL2,0,,Neurol,1,1,2,2,"Irritate Skin, Eyes, Throat, Nose, Headache, Dizziness, Lightheadedness,Nausea, Vomitting, Convulsiuons, Comma, Sudden Death",,,,,,,,,,,
A,100-41-4,ETHYLBENZENE ,Exposure,Acute,min,240,660,AEGL2,0,,Neurol,1,1,2,2,"Irritate Skin, Eyes, Throat, Nose, Headache, Dizziness, Lightheadedness,Nausea, Vomitting, Convulsiuons, Comma, Sudden Death",,,,,,,,,,,
A,100-41-4,ETHYLBENZENE ,Exposure,Acute,min,480,580,AEGL2,0,,Neurol,1,1,2,2,"Irritate Skin, Eyes, Throat, Nose, Headache, Dizziness, Lightheadedness,Nausea, Vomitting, Convulsiuons, Comma, Sudden Death",,,,,,,,,,,
A,100-41-4,ETHYLBENZENE ,Exposure,Acute,min,10,4700,AEGL3,0,,Neurol,1,1,2,2,"Irritate Skin, Eyes, Throat, Nose, Headache, Dizziness, Lightheadedness,Nausea, Vomitting, Convulsiuons, Comma, Sudden Death",,,,,,,,,,,
A,100-41-4,ETHYLBENZENE ,Exposure,Acute,min,30,2600,AEGL3,0,,Neurol,1,1,2,2,"Irritate Skin, Eyes, Throat, Nose, Headache, Dizziness, Lightheadedness,Nausea, Vomitting, Convulsiuons, Comma, Sudden Death",,,,,,,,,,,
A,100-41-4,ETHYLBENZENE ,Exposure,Acute,min,60,1800,AEGL3,0,,Neurol,1,1,2,2,"Irritate Skin, Eyes, Throat, Nose, Headache, Dizziness, Lightheadedness,Nausea, Vomitting, Convulsiuons, Comma, Sudden Death",,,,,,,,,,,
A,100-41-4,ETHYLBENZENE ,Exposure,Acute,min,240,1000,AEGL3,0,,Neurol,1,1,2,2,"Irritate Skin, Eyes, Throat, Nose, Headache, Dizziness, Lightheadedness,Nausea, Vomitting, Convulsiuons, Comma, Sudden Death",,,,,,,,,,,
A,100-41-4,ETHYLBENZENE ,Exposure,Acute,min,480,910,AEGL3,0,,Neurol,1,1,2,2,"Irritate Skin, Eyes, Throat, Nose, Headache, Dizziness, Lightheadedness,Nausea, Vomitting, Convulsiuons, Comma, Sudden Death",,,,,,,,,,,
A,6/4/7783,HYDROGEN SULFIDE,Exposure,Acute,min,0,20,OSHA_PEL,,,Resp.,0,1,4,4,"Irritate Skin, Eyes, Throat, Nose, Headache, Dizziness, Lightheadedness,Nausea, Vomitting, Convulsiuons, Comma, Sudden Death",,,,,,,,,,,
A,6/4/7783,HYDROGEN SULFIDE,Exposure,Acute,min,10,50,OSHA_PEL,,,Resp.,0,1,4,4,"Irritate Skin, Eyes, Throat, Nose, Headache, Dizziness, Lightheadedness,Nausea, Vomitting, Convulsiuons, Comma, Sudden Death",,,,,,,,,,,
A,6/4/7783,HYDROGEN SULFIDE,Exposure,Acute,min,10,10,NISOH_PEL,,,Resp.,0,1,4,4,"Irritate Skin, Eyes, Throat, Nose, Headache, Dizziness, Lightheadedness,Nausea, Vomitting, Convulsiuons, Comma, Sudden Death",,,,,,,,,,,
A,6/4/7783,HYDROGEN SULFIDE,Exposure,Acute,min,10,0.75,AEGL1,,,Resp.,0,1,4,4,"Irritate Skin, Eyes, Throat, Nose, Headache, Dizziness, Lightheadedness,Nausea, Vomitting, Convulsiuons, Comma, Sudden Death",,,,,,,,,,,
A,6/4/7783,HYDROGEN SULFIDE,Exposure,Acute,min,30,0.6,AEGL1,,,Resp.,0,1,4,4,"Irritate Skin, Eyes, Throat, Nose, Headache, Dizziness, Lightheadedness,Nausea, Vomitting, Convulsiuons, Comma, Sudden Death",,,,,,,,,,,
A,6/4/7783,HYDROGEN SULFIDE,Exposure,Acute,min,60,0.51,AEGL1,,,Resp.,0,1,4,4,"Irritate Skin, Eyes, Throat, Nose, Headache, Dizziness, Lightheadedness,Nausea, Vomitting, Convulsiuons, Comma, Sudden Death",,,,,,,,,,,
A,6/4/7783,HYDROGEN SULFIDE,Exposure,Acute,min,240,0.36,AEGL1,,,Resp.,0,1,4,4,"Irritate Skin, Eyes, Throat, Nose, Headache, Dizziness, Lightheadedness,Nausea, Vomitting, Convulsiuons, Comma, Sudden Death",,,,,,,,,,,
A,6/4/7783,HYDROGEN SULFIDE,Exposure,Acute,min,480,0.33,AEGL1,,,Resp.,0,1,4,4,"Irritate Skin, Eyes, Throat, Nose, Headache, Dizziness, Lightheadedness,Nausea, Vomitting, Convulsiuons, Comma, Sudden Death",,,,,,,,,,,
A,6/4/7783,HYDROGEN SULFIDE,Exposure,Acute,min,10,41,AEGL2,,,Resp.,0,1,4,4,"Irritate Skin, Eyes, Throat, Nose, Headache, Dizziness, Lightheadedness,Nausea, Vomitting, Convulsiuons, Comma, Sudden Death",,,,,,,,,,,
A,6/4/7783,HYDROGEN SULFIDE,Exposure,Acute,min,30,32,AEGL2,,,Resp.,0,1,4,4,"Irritate Skin, Eyes, Throat, Nose, Headache, Dizziness, Lightheadedness,Nausea, Vomitting, Convulsiuons, Comma, Sudden Death",,,,,,,,,,,
A,6/4/7783,HYDROGEN SULFIDE,Exposure,Acute,min,60,27,AEGL2,,,Resp.,0,1,4,4,"Irritate Skin, Eyes, Throat, Nose, Headache, Dizziness, Lightheadedness,Nausea, Vomitting, Convulsiuons, Comma, Sudden Death",,,,,,,,,,,
A,6/4/7783,HYDROGEN SULFIDE,Exposure,Acute,min,240,20,AEGL2,,,Resp.,0,1,4,4,"Irritate Skin, Eyes, Throat, Nose, Headache, Dizziness, Lightheadedness,Nausea, Vomitting, Convulsiuons, Comma, Sudden Death",,,,,,,,,,,
A,6/4/7783,HYDROGEN SULFIDE,Exposure,Acute,min,480,17,AEGL2,,,Resp.,0,1,4,4,"Irritate Skin, Eyes, Throat, Nose, Headache, Dizziness, Lightheadedness,Nausea, Vomitting, Convulsiuons, Comma, Sudden Death",,,,,,,,,,,
A,6/4/7783,HYDROGEN SULFIDE,Exposure,Acute,min,10,76,AEGL3,,,Resp.,0,1,4,4,"Irritate Skin, Eyes, Throat, Nose, Headache, Dizziness, Lightheadedness,Nausea, Vomitting, Convulsiuons, Comma, Sudden Death",,,,,,,,,,,
A,6/4/7783,HYDROGEN SULFIDE,Exposure,Acute,min,30,59,AEGL3,,,Resp.,0,1,4,4,"Irritate Skin, Eyes, Throat, Nose, Headache, Dizziness, Lightheadedness,Nausea, Vomitting, Convulsiuons, Comma, Sudden Death",,,,,,,,,,,
A,6/4/7783,HYDROGEN SULFIDE,Exposure,Acute,min,60,50,AEGL3,,,Resp.,0,1,4,4,"Irritate Skin, Eyes, Throat, Nose, Headache, Dizziness, Lightheadedness,Nausea, Vomitting, Convulsiuons, Comma, Sudden Death",,,,,,,,,,,
A,6/4/7783,HYDROGEN SULFIDE,Exposure,Acute,min,240,37,AEGL3,,,Resp.,0,1,4,4,"Irritate Skin, Eyes, Throat, Nose, Headache, Dizziness, Lightheadedness,Nausea, Vomitting, Convulsiuons, Comma, Sudden Death",,,,,,,,,,,
A,6/4/7783,HYDROGEN SULFIDE,Exposure,Acute,min,480,31,AEGL3,,,Resp.,0,1,4,4,"Irritate Skin, Eyes, Throat, Nose, Headache, Dizziness, Lightheadedness,Nausea, Vomitting, Convulsiuons, Comma, Sudden Death",,,,,,,,,,,
A,6/4/7783,HYDROGEN SULFIDE,Inh.,Acute,days,1,0.007,ATSDR MRL,,27,Resp.,0,1,4,4,"Irritate Skin, Eyes, Throat, Nose, Headache, Dizziness, Lightheadedness,Nausea, Vomitting, Convulsiuons, Comma, Sudden Death",,,,,,,,,,,
A,6/4/7783,HYDROGEN SULFIDE,Inh.,int.,days,15,0.02,ATSDR MRL,,30,"Resp,",0,1,4,4,"Irritate Skin, Eyes, Throat, Nose, Headache, Dizziness, Lightheadedness,Nausea, Vomitting, Convulsiuons, Comma, Sudden Death",,,,,,,,,,,
A,108-88-3,TOLUENE,Exposure,Acute,hours,8,200,OSHA_PEL,,,Neurol,0,1,2,2,"Irritate Skin, Eyes, Throat, Nose, Headache, Dizziness, Lightheadedness,Nausea, Vomitting, Convulsiuons, Comma, Sudden Death, Kidney, Liver and Brain Damage",,,,,,,,,,,
A,108-88-3,TOLUENE,Exposure,Acute,min,15,300,OSHA_PEL,,,Neurol,0,1,2,2,"Irritate Skin, Eyes, Throat, Nose, Headache, Dizziness, Lightheadedness,Nausea, Vomitting, Convulsiuons, Comma, Sudden Death, Kidney, Liver and Brain Damage",,,,,,,,,,,
A,108-88-3,TOLUENE,Exposure,Acute,hours,10,100,NISOH_PEL,,,Neurol,0,1,2,2,"Irritate Skin, Eyes, Throat, Nose, Headache, Dizziness, Lightheadedness,Nausea, Vomitting, Convulsiuons, Comma, Sudden Death, Kidney, Liver and Brain Damage",,,,,,,,,,,
A,108-88-3,TOLUENE,Exposure,Acute,min,15,150,NISOH_PEL,,,Neurol,0,1,2,2,"Irritate Skin, Eyes, Throat, Nose, Headache, Dizziness, Lightheadedness,Nausea, Vomitting, Convulsiuons, Comma, Sudden Death, Kidney, Liver and Brain Damage",,,,,,,,,,,
A,108-88-3,TOLUENE,Exposure,Acute,min,10,67,AEGL1,,,Neurol,0,1,2,2,"Irritate Skin, Eyes, Throat, Nose, Headache, Dizziness, Lightheadedness,Nausea, Vomitting, Convulsiuons, Comma, Sudden Death, Kidney, Liver and Brain Damage",,,,,,,,,,,
A,108-88-3,TOLUENE,Exposure,Acute,min,30,67,AEGL1,,,Neurol,0,1,2,2,"Irritate Skin, Eyes, Throat, Nose, Headache, Dizziness, Lightheadedness,Nausea, Vomitting, Convulsiuons, Comma, Sudden Death, Kidney, Liver and Brain Damage",,,,,,,,,,,
A,108-88-3,TOLUENE,Exposure,Acute,min,60,67,AEGL1,,,Neurol,0,1,2,2,"Irritate Skin, Eyes, Throat, Nose, Headache, Dizziness, Lightheadedness,Nausea, Vomitting, Convulsiuons, Comma, Sudden Death, Kidney, Liver and Brain Damage",,,,,,,,,,,
A,108-88-3,TOLUENE,Exposure,Acute,min,240,67,AEGL1,,,Neurol,0,1,2,2,"Irritate Skin, Eyes, Throat, Nose, Headache, Dizziness, Lightheadedness,Nausea, Vomitting, Convulsiuons, Comma, Sudden Death, Kidney, Liver and Brain Damage",,,,,,,,,,,
A,108-88-3,TOLUENE,Exposure,Acute,min,480,67,AEGL1,,,Neurol,0,1,2,2,"Irritate Skin, Eyes, Throat, Nose, Headache, Dizziness, Lightheadedness,Nausea, Vomitting, Convulsiuons, Comma, Sudden Death, Kidney, Liver and Brain Damage",,,,,,,,,,,
A,108-88-3,TOLUENE,Exposure,Acute,min,10,1400,AEGL2,,,Neurol,0,1,2,2,"Irritate Skin, Eyes, Throat, Nose, Headache, Dizziness, Lightheadedness,Nausea, Vomitting, Convulsiuons, Comma, Sudden Death, Kidney, Liver and Brain Damage",,,,,,,,,,,
A,108-88-3,TOLUENE,Exposure,Acute,min,30,760,AEGL2,,,Neurol,0,1,2,2,"Irritate Skin, Eyes, Throat, Nose, Headache, Dizziness, Lightheadedness,Nausea, Vomitting, Convulsiuons, Comma, Sudden Death, Kidney, Liver and Brain Damage",,,,,,,,,,,
A,108-88-3,TOLUENE,Exposure,Acute,min,60,560,AEGL2,,,Neurol,0,1,2,2,"Irritate Skin, Eyes, Throat, Nose, Headache, Dizziness, Lightheadedness,Nausea, Vomitting, Convulsiuons, Comma, Sudden Death, Kidney, Liver and Brain Damage",,,,,,,,,,,
A,108-88-3,TOLUENE,Exposure,Acute,min,240,310,AEGL2,,,Neurol,0,1,2,2,"Irritate Skin, Eyes, Throat, Nose, Headache, Dizziness, Lightheadedness,Nausea, Vomitting, Convulsiuons, Comma, Sudden Death, Kidney, Liver and Brain Damage",,,,,,,,,,,
A,108-88-3,TOLUENE,Exposure,Acute,min,480,250,AEGL2,,,Neurol,0,1,2,2,"Irritate Skin, Eyes, Throat, Nose, Headache, Dizziness, Lightheadedness,Nausea, Vomitting, Convulsiuons, Comma, Sudden Death, Kidney, Liver and Brain Damage",,,,,,,,,,,
A,108-88-3,TOLUENE,Exposure,Acute,min,10,10000,AEGL3,,,Neurol,0,1,2,2,"Irritate Skin, Eyes, Throat, Nose, Headache, Dizziness, Lightheadedness,Nausea, Vomitting, Convulsiuons, Comma, Sudden Death, Kidney, Liver and Brain Damage",,,,,,,,,,,
A,108-88-3,TOLUENE,Exposure,Acute,min,30,5200,AEGL3,,,Neurol,0,1,2,2,"Irritate Skin, Eyes, Throat, Nose, Headache, Dizziness, Lightheadedness,Nausea, Vomitting, Convulsiuons, Comma, Sudden Death, Kidney, Liver and Brain Damage",,,,,,,,,,,
A,108-88-3,TOLUENE,Exposure,Acute,min,60,3700,AEGL3,,,Neurol,0,1,2,2,"Irritate Skin, Eyes, Throat, Nose, Headache, Dizziness, Lightheadedness,Nausea, Vomitting, Convulsiuons, Comma, Sudden Death, Kidney, Liver and Brain Damage",,,,,,,,,,,
A,108-88-3,TOLUENE,Exposure,Acute,min,240,1800,AEGL3,,,Neurol,0,1,2,2,"Irritate Skin, Eyes, Throat, Nose, Headache, Dizziness, Lightheadedness,Nausea, Vomitting, Convulsiuons, Comma, Sudden Death, Kidney, Liver and Brain Damage",,,,,,,,,,,
A,108-88-3,TOLUENE,Exposure,Acute,min,480,1400,AEGL3,,,Neurol,0,1,2,2,"Irritate Skin, Eyes, Throat, Nose, Headache, Dizziness, Lightheadedness,Nausea, Vomitting, Convulsiuons, Comma, Sudden Death, Kidney, Liver and Brain Damage",,,,,,,,,,,
A,108-88-3,TOLUENE,inh.,Acute,days,1,2,ATSDR MRL,,,Neurol,0,1,2,2,"Irritate Skin, Eyes, Throat, Nose, Headache, Dizziness, Lightheadedness,Nausea, Vomitting, Convulsiuons, Comma, Sudden Death, Kidney, Liver and Brain Damage",,,,,,,,,,,
A,108-88-3,TOLUENE,inh.,Chr.,days,15,1,ATSDR MRL,,,Neurol,0,1,2,2,"Irritate Skin, Eyes, Throat, Nose, Headache, Dizziness, Lightheadedness,Nausea, Vomitting, Convulsiuons, Comma, Sudden Death, Kidney, Liver and Brain Damage",,,,,,,,,,,
A,1330-20-7,XYLENES,Exposure,Acute,min,10,130,AEGL1,,,Neurol. Resp,0,1,2,2,"Irritate Skin, Eyes, Throat, Nose,  Kidney, Liver, coma, death",,,,,,,,,,,
A,1330-20-7,XYLENES,Exposure,Acute,min,30,130,AEGL1,,,Neurol. Resp,0,1,2,2,"Irritate Skin, Eyes, Throat, Nose,  Kidney, Liver, coma, death",,,,,,,,,,,
A,1330-20-7,XYLENES,Exposure,Acute,min,60,130,AEGL1,,,Neurol. Resp,0,1,2,2,"Irritate Skin, Eyes, Throat, Nose,  Kidney, Liver, coma, death",,,,,,,,,,,
A,1330-20-7,XYLENES,Exposure,Acute,min,240,130,AEGL1,,,Neurol. Resp,0,1,2,2,"Irritate Skin, Eyes, Throat, Nose,  Kidney, Liver, coma, death",,,,,,,,,,,
A,1330-20-7,XYLENES,Exposure,Acute,min,480,130,AEGL1,,,Neurol. Resp,0,1,2,2,"Irritate Skin, Eyes, Throat, Nose,  Kidney, Liver, coma, death",,,,,,,,,,,
A,1330-20-7,XYLENES,Exposure,Acute,min,10,2500,AEGL2,,,Neurol. Resp,0,1,2,2,"Irritate Skin, Eyes, Throat, Nose,  Kidney, Liver, coma, death",,,,,,,,,,,
A,1330-20-7,XYLENES,Exposure,Acute,min,30,1300,AEGL2,,,Neurol. Resp,0,1,2,2,"Irritate Skin, Eyes, Throat, Nose,  Kidney, Liver, coma, death",,,,,,,,,,,
A,1330-20-7,XYLENES,Exposure,Acute,min,60,920,AEGL2,,,Neurol. Resp,0,1,2,2,"Irritate Skin, Eyes, Throat, Nose,  Kidney, Liver, coma, death",,,,,,,,,,,
A,1330-20-7,XYLENES,Exposure,Acute,min,240,500,AEGL2,,,Neurol. Resp,0,1,2,2,"Irritate Skin, Eyes, Throat, Nose,  Kidney, Liver, coma, death",,,,,,,,,,,
A,1330-20-7,XYLENES,Exposure,Acute,min,480,400,AEGL2,,,Neurol. Resp,0,1,2,2,"Irritate Skin, Eyes, Throat, Nose,  Kidney, Liver, coma, death",,,,,,,,,,,
A,1330-20-7,XYLENES,Exposure,Acute,min,10,7200,AEGL3,,,Neurol. Resp,0,1,2,2,"Irritate Skin, Eyes, Throat, Nose,  Kidney, Liver, coma, death",,,,,,,,,,,
A,1330-20-7,XYLENES,Exposure,Acute,min,30,3600,AEGL3,,,Neurol. Resp,0,1,2,2,"Irritate Skin, Eyes, Throat, Nose,  Kidney, Liver, coma, death",,,,,,,,,,,
A,1330-20-7,XYLENES,Exposure,Acute,min,60,2500,AEGL3,,,Neurol. Resp,0,1,2,2,"Irritate Skin, Eyes, Throat, Nose,  Kidney, Liver, coma, death",,,,,,,,,,,
A,1330-20-7,XYLENES,Exposure,Acute,min,240,1300,AEGL3,,,Neurol. Resp,0,1,2,2,"Irritate Skin, Eyes, Throat, Nose,  Kidney, Liver, coma, death",,,,,,,,,,,
A,1330-20-7,XYLENES,Exposure,Acute,min,480,1000,AEGL3,,,Neurol. Resp,0,1,2,2,"Irritate Skin, Eyes, Throat, Nose,  Kidney, Liver, coma, death",,,,,,,,,,,
A,1330-20-7,XYLENES,Inh.,Acute,days,1,2,ATSDR MRL,,,Neurol. Resp,0,1,2,2,"Irritate Skin, Eyes, Throat, Nose,  Kidney, Liver, coma, death",,,,,,,,,,,
A,1330-20-7,XYLENES,Inh.,Int.,days,15,0.6,ATSDR MRL,,,Neurol. Resp,0,1,2,2,"Irritate Skin, Eyes, Throat, Nose,  Kidney, Liver, coma, death",,,,,,,,,,,
A,1330-20-7,XYLENES,Inh.,Chr.,Years,1,0.05,ATSDR MRL,,,Neurol. Resp,0,1,2,2,"Irritate Skin, Eyes, Throat, Nose,  Kidney, Liver, coma, death",,,,,,,,,,,
A,1330-20-7,XYLENES,Exposure,Acute,hours,8,100,OSHA_PEL,,,Neurol. Resp,0,1,2,2,"Irritate Skin, Eyes, Throat, Nose,  Kidney, Liver, coma, death",,,,,,,,,,,
A,1330-20-7,XYLENES,Exposure,Acute,hours,10,100,NISOH_PEL,,,Neurol. Resp,0,1,2,2,"Irritate Skin, Eyes, Throat, Nose,  Kidney, Liver, coma, death",,,,,,,,,,,
A,1330-20-7,XYLENES,Exposure,Acute,min,15,150,NISOH_PEL,,,Neurol. Resp,0,1,2,2,"Irritate Skin, Eyes, Throat, Nose,  Kidney, Liver, coma, death",,,,,,,,,,,
A,9/5/7446,SULFUR DIOXIDE,Exposure,Acute,days,1,0.01,ATSDR MRL,,9,Resp.,0,1,3,3,"Irritate Skin, Eyes, Throat, Nose, pulminar edema",,,,,,,,,,,
A,9/5/7446,SULFUR DIOXIDE,Exposure,Acute,hours,8,5,OSHA_PEL,,,Resp.,0,1,3,3,"Irritate Skin, Eyes, Throat, Nose, pulminar edema",,,,,,,,,,,
A,9/5/7446,SULFUR DIOXIDE,Exposure,Acute,hours,10,2,NISOH_PEL,,,Resp.,0,1,3,3,"Irritate Skin, Eyes, Throat, Nose, pulminar edema",,,,,,,,,,,
A,9/5/7446,SULFUR DIOXIDE,Exposure,Acute,min,15,5,NISOH_PEL,,,Resp.,0,1,3,3,"Irritate Skin, Eyes, Throat, Nose, pulminar edema",,,,,,,,,,,
A,9/5/7446,SULFUR DIOXIDE,Exposure,Acute,min,10,0.2,AEGL1,,,Resp.,0,1,3,3,"Irritate Skin, Eyes, Throat, Nose, pulminar edema",,,,,,,,,,,
A,9/5/7446,SULFUR DIOXIDE,Exposure,Acute,min,30,0.2,AEGL1,,,Resp.,0,1,3,3,"Irritate Skin, Eyes, Throat, Nose, pulminar edema",,,,,,,,,,,
A,9/5/7446,SULFUR DIOXIDE,Exposure,Acute,min,60,0.2,AEGL1,,,Resp.,0,1,3,3,"Irritate Skin, Eyes, Throat, Nose, pulminar edema",,,,,,,,,,,
A,9/5/7446,SULFUR DIOXIDE,Exposure,Acute,min,240,0.2,AEGL1,,,Resp.,0,1,3,3,"Irritate Skin, Eyes, Throat, Nose, pulminar edema",,,,,,,,,,,
A,9/5/7446,SULFUR DIOXIDE,Exposure,Acute,min,480,0.2,AEGL1,,,Resp.,0,1,3,3,"Irritate Skin, Eyes, Throat, Nose, pulminar edema",,,,,,,,,,,
A,9/5/7446,SULFUR DIOXIDE,Exposure,Acute,min,10,0.75,AEGL2,,,Resp.,0,1,3,3,"Irritate Skin, Eyes, Throat, Nose, pulminar edema",,,,,,,,,,,
A,9/5/7446,SULFUR DIOXIDE,Exposure,Acute,min,30,0.75,AEGL2,,,Resp.,0,1,3,3,"Irritate Skin, Eyes, Throat, Nose, pulminar edema",,,,,,,,,,,
A,9/5/7446,SULFUR DIOXIDE,Exposure,Acute,min,60,0.75,AEGL2,,,Resp.,0,1,3,3,"Irritate Skin, Eyes, Throat, Nose, pulminar edema",,,,,,,,,,,
A,9/5/7446,SULFUR DIOXIDE,Exposure,Acute,min,240,0.75,AEGL2,,,Resp.,0,1,3,3,"Irritate Skin, Eyes, Throat, Nose, pulminar edema",,,,,,,,,,,
A,9/5/7446,SULFUR DIOXIDE,Exposure,Acute,min,480,0.75,AEGL2,,,Resp.,0,1,3,3,"Irritate Skin, Eyes, Throat, Nose, pulminar edema",,,,,,,,,,,
A,9/5/7446,SULFUR DIOXIDE,Exposure,Acute,min,10,30,AEGL3,,,Resp.,0,1,3,3,"Irritate Skin, Eyes, Throat, Nose, pulminar edema",,,,,,,,,,,
A,9/5/7446,SULFUR DIOXIDE,Exposure,Acute,min,30,30,AEGL3,,,Resp.,0,1,3,3,"Irritate Skin, Eyes, Throat, Nose, pulminar edema",,,,,,,,,,,
A,9/5/7446,SULFUR DIOXIDE,Exposure,Acute,min,60,30,AEGL3,,,Resp.,0,1,3,3,"Irritate Skin, Eyes, Throat, Nose, pulminar edema",,,,,,,,,,,
A,9/5/7446,SULFUR DIOXIDE,Exposure,Acute,min,240,19,AEGL3,,,Resp.,0,1,3,3,"Irritate Skin, Eyes, Throat, Nose, pulminar edema",,,,,,,,,,,
A,9/5/7446,SULFUR DIOXIDE,Exposure,Acute,min,480,9.6,AEGL3,,,Resp.,0,1,3,3,"Irritate Skin, Eyes, Throat, Nose, pulminar edema",,,,,,,,,,,
A,106-97-8,BUTANE,Exposure,Acute,hours,10,800,NISOH_PEL,,,Neurol.,0,0,1,1,"Headache, Dizziness, Lightheadedness",,,,,,,,,,77000,"Headache, Dizziness, Lightheadedness"
A,106-97-8,BUTANE,Exposure,Acute,min,10,10000,AEGL1,,,Neurol.,0,0,1,1,"Headache, Dizziness, Lightheadedness",,,,,,,,,,53000,"Headache, Dizziness, Lightheadedness"
A,106-97-8,BUTANE,Exposure,Acute,min,30,6900,AEGL1,,,Neurol.,0,0,1,1,"Headache, Dizziness, Lightheadedness",,,,,,,,,,53000,"Headache, Dizziness, Lightheadedness"
A,106-97-8,BUTANE,Exposure,Acute,min,60,5500,AEGL1,,,Neurol.,0,0,1,1,"Headache, Dizziness, Lightheadedness",,,,,,,,,,53000,"Headache, Dizziness, Lightheadedness"
A,106-97-8,BUTANE,Exposure,Acute,min,240,5500,AEGL1,,,Neurol.,0,0,1,1,"Headache, Dizziness, Lightheadedness",,,,,,,,,,53000,"Headache, Dizziness, Lightheadedness"
A,106-97-8,BUTANE,Exposure,Acute,min,480,5500,AEGL1,,,Neurol.,0,0,1,1,"Headache, Dizziness, Lightheadedness",,,,,,,,,,,"Headache, Dizziness, Lightheadedness"
A,106-97-8,BUTANE,Exposure,Acute,min,10,24000,AEGL2,,,Neurol.,0,0,1,1,"Headache, Dizziness, Lightheadedness",,,,,,,,,,,
A,106-97-8,BUTANE,Exposure,Acute,min,30,17000,AEGL2,,,Neurol.,0,0,1,1,"Headache, Dizziness, Lightheadedness",,,,,,,,,,,
A,106-97-8,BUTANE,Exposure,Acute,min,60,17000,AEGL2,,,Neurol.,0,0,1,1,"Headache, Dizziness, Lightheadedness",,,,,,,,,,,
A,106-97-8,BUTANE,Exposure,Acute,min,240,17000,AEGL2,,,Neurol.,0,0,1,1,"Headache, Dizziness, Lightheadedness",,,,,,,,,,,
A,106-97-8,BUTANE,Exposure,Acute,min,480,17000,AEGL2,,,Neurol.,0,0,1,1,"Headache, Dizziness, Lightheadedness",,,,,,,,,,,
A,106-97-8,BUTANE,Exposure,Acute,min,10,77000,AEGL3,,,Neurol.,0,0,1,1,"Headache, Dizziness, Lightheadedness",,,,,,,,,,,
A,106-97-8,BUTANE,Exposure,Acute,min,30,53000,AEGL3,,,Neurol.,0,0,1,1,"Headache, Dizziness, Lightheadedness",,,,,,,,,,,
A,106-97-8,BUTANE,Exposure,Acute,min,60,53000,AEGL3,,,Neurol.,0,0,1,1,"Headache, Dizziness, Lightheadedness",,,,,,,,,,,
A,106-97-8,BUTANE,Exposure,Acute,min,240,53000,AEGL3,,,Neurol.,0,0,1,1,"Headache, Dizziness, Lightheadedness",,,,,,,,,,,
A,106-97-8,BUTANE,Exposure,Acute,min,480,53000,AEGL3,,,Neurol.,0,0,1,1,"Headache, Dizziness, Lightheadedness",,,,,,,,,,,
A,124-38-9,CARBON DIOXIDE,Exposure,Acute,hours,8,5000,OSHA_PEL,,,Resp.,0,1,,na,"Headache, Dizziness, Lightheadedness,tremors, confusion, convulsions, coma and death",,,,,,,,,,,
A,124-38-9,CARBON DIOXIDE,Exposure,Acute,hours,10,5000,NISOH_PEL,,,Resp.,0,1,,na,"Headache, Dizziness, Lightheadedness,tremors, confusion, convulsions, coma and death",,,,,,,,,,,
A,124-38-9,CARBON DIOXIDE,Exposure,Acute,min,15,30000,NISOH_PEL,,,Resp.,0,1,,na,"Headache, Dizziness, Lightheadedness,tremors, confusion, convulsions, coma and death",,,,,,,,,,,
A,10102-43-9,NITRIC OXIDE,Exposure,Acute,hours,8,25,OSHA_PEL,,,Neurol.,0,1,3,3,"Irritate Skin, Eyes, Throat, Nose, pulimnary edema",,,,,3,,,,,,
A,10102-43-9,NITRIC OXIDE,Exposure,Acute,hours,10,25,NISOH_PEL,,,Neurol.,0,1,3,3,"Irritate Skin, Eyes, Throat, Nose, pulminary edema, Headache, Dizziness, and death",,,,,,,,,,,
A,10102-44-0,NITROGEN DIOXIDE ,Exposure,Acute,min,0,1,NISOH_PEL,,,"Resp.,Immuno",0,1,,3,"Irritate Skin, Eyes, Throat, Nose, pulminary edema, Headache, Dizziness, and death",,,,,,,,,,,
A,10102-44-0,NITROGEN DIOXIDE ,Exposure,Acute,min,0,5,OSHA_PEL,,,"Resp.,Immuno",0,0,,3,"Irritate Skin, Eyes, Throat, Nose, pulminary edema, Headache, Dizziness, and death",,,,,,,,,,,
A,10102-44-0,NITROGEN DIOXIDE ,Exposure,Acute,min,10,0.5,AEGL1,,,"Resp.,Immuno",0,0,,3,"Irritate Skin, Eyes, Throat, Nose, pulminary edema, Headache, Dizziness, and death",,,,,,,,,,,
A,10102-44-0,NITROGEN DIOXIDE ,Exposure,Acute,min,30,0.5,AEGL1,,,"Resp.,Immuno",0,0,,3,"Irritate Skin, Eyes, Throat, Nose, pulminary edema, Headache, Dizziness, and death",,,,,,,,,,,
A,10102-44-0,NITROGEN DIOXIDE ,Exposure,Acute,min,60,0.5,AEGL1,,,"Resp.,Immuno",0,0,,3,"Irritate Skin, Eyes, Throat, Nose, pulminary edema, Headache, Dizziness, and death",,,,,,,,,,,
A,10102-44-0,NITROGEN DIOXIDE ,Exposure,Acute,min,240,0.5,AEGL1,,,"Resp.,Immuno",0,0,,3,"Irritate Skin, Eyes, Throat, Nose, pulminary edema, Headache, Dizziness, and death",,,,,,,,,,,
A,10102-44-0,NITROGEN DIOXIDE ,Exposure,Acute,min,480,0.5,AEGL1,,,"Resp.,Immuno",0,0,,3,"Irritate Skin, Eyes, Throat, Nose, pulminary edema, Headache, Dizziness, and death",,,,,,,,,,,
A,10102-44-0,NITROGEN DIOXIDE ,Exposure,Acute,min,10,20,AEGL2,,,"Resp.,Immuno",0,0,,3,"Irritate Skin, Eyes, Throat, Nose, pulminary edema, Headache, Dizziness, and death",,,,,,,,,,,
A,10102-44-0,NITROGEN DIOXIDE ,Exposure,Acute,min,30,15,AEGL2,,,"Resp.,Immuno",0,0,,3,"Irritate Skin, Eyes, Throat, Nose, pulminary edema, Headache, Dizziness, and death",,,,,,,,,,,
A,10102-44-0,NITROGEN DIOXIDE ,Exposure,Acute,min,60,12,AEGL2,,,"Resp.,Immuno",0,0,,3,"Irritate Skin, Eyes, Throat, Nose, pulminary edema, Headache, Dizziness, and death",,,,,,,,,,,
A,10102-44-0,NITROGEN DIOXIDE ,Exposure,Acute,min,240,8.2,AEGL2,,,"Resp.,Immuno",0,0,,3,"Irritate Skin, Eyes, Throat, Nose, pulminary edema, Headache, Dizziness, and death",,,,,,,,,,,
A,10102-44-0,NITROGEN DIOXIDE ,Exposure,Acute,min,480,6.7,AEGL2,,,"Resp.,Immuno",0,0,,3,"Irritate Skin, Eyes, Throat, Nose, pulminary edema, Headache, Dizziness, and death",,,,,,,,,,,
A,10102-44-0,NITROGEN DIOXIDE ,Exposure,Acute,min,10,34,AEGL3,,,"Resp.,Immuno",0,0,,3,"Irritate Skin, Eyes, Throat, Nose, pulminary edema, Headache, Dizziness, and death",,,,,,,,,,,
A,10102-44-0,NITROGEN DIOXIDE ,Exposure,Acute,min,30,25,AEGL3,,,"Resp.,Immuno",0,0,,3,"Irritate Skin, Eyes, Throat, Nose, pulminary edema, Headache, Dizziness, and death",,,,,,,,,,,
A,10102-44-0,NITROGEN DIOXIDE ,Exposure,Acute,min,60,20,AEGL3,,,"Resp.,Immuno",0,0,,3,"Irritate Skin, Eyes, Throat, Nose, pulminary edema, Headache, Dizziness, and death",,,,,,,,,,,
A,10102-44-0,NITROGEN DIOXIDE ,Exposure,Acute,min,240,14,AEGL3,,,"Resp.,Immuno",0,0,,3,"Irritate Skin, Eyes, Throat, Nose, pulminary edema, Headache, Dizziness, and death",,,,,,,,,,,
A,10102-44-0,NITROGEN DIOXIDE ,Exposure,Acute,min,480,11,AEGL3,,,"Resp.,Immuno",0,0,,3,"Irritate Skin, Eyes, Throat, Nose, pulminary edema, Headache, Dizziness, and death",,,,,,,,,,,
A,630-08-0,CARBON MONOXIDE,,Acute,min,10,,AEGL1,,,Cardiovascular,0,1,,2,"Headache, Dizziness, Lightheadedness, fatigue, sleepiness, convulsions, loss of consciousness, personality change, memory loss, coma and death",,,,,,,,,,,
A,630-08-0,CARBON MONOXIDE,,Acute,min,30,,AEGL1,,,Cardiovascular,0,1,,2,"Headache, Dizziness, Lightheadedness, fatigue, sleepiness, convulsions, loss of consciousness, personality change, memory loss, coma and death",,,,,,,,,,,
A,630-08-0,CARBON MONOXIDE,,Acute,min,60,,AEGL1,,,Cardiovascular,0,1,,2,"Headache, Dizziness, Lightheadedness, fatigue, sleepiness, convulsions, loss of consciousness, personality change, memory loss, coma and death",,,,,,,,,,,
A,630-08-0,CARBON MONOXIDE,,Acute,min,240,,AEGL1,,,Cardiovascular,0,1,,2,"Headache, Dizziness, Lightheadedness, fatigue, sleepiness, convulsions, loss of consciousness, personality change, memory loss, coma and death",,,,,,,,,,,
A,630-08-0,CARBON MONOXIDE,,Acute,min,480,,AEGL1,,,Cardiovascular,0,1,,2,"Headache, Dizziness, Lightheadedness, fatigue, sleepiness, convulsions, loss of consciousness, personality change, memory loss, coma and death",,,,,,,,,,,
A,630-08-0,CARBON MONOXIDE,,Acute,min,10,420,AEGL2,,,Cardiovascular,0,1,,2,"Headache, Dizziness, Lightheadedness, fatigue, sleepiness, convulsions, loss of consciousness, personality change, memory loss, coma and death",,,,,,,,,,,
A,630-08-0,CARBON MONOXIDE,,Acute,min,30,150,AEGL2,,,Cardiovascular,0,1,,2,"Headache, Dizziness, Lightheadedness, fatigue, sleepiness, convulsions, loss of consciousness, personality change, memory loss, coma and death",,,,,,,,,,,
A,630-08-0,CARBON MONOXIDE,,Acute,min,60,83,AEGL2,,,Cardiovascular,0,1,,2,"Headache, Dizziness, Lightheadedness, fatigue, sleepiness, convulsions, loss of consciousness, personality change, memory loss, coma and death",,,,,,,,,,,
A,630-08-0,CARBON MONOXIDE,,Acute,min,240,33,AEGL2,,,Cardiovascular,0,1,,2,"Headache, Dizziness, Lightheadedness, fatigue, sleepiness, convulsions, loss of consciousness, personality change, memory loss, coma and death",,,,,,,,,,,
A,630-08-0,CARBON MONOXIDE,,Acute,min,480,27,AEGL2,,,Cardiovascular,0,1,,2,"Headache, Dizziness, Lightheadedness, fatigue, sleepiness, convulsions, loss of consciousness, personality change, memory loss, coma and death",,,,,,,,,,,
A,630-08-0,CARBON MONOXIDE,,Acute,min,10,1700,AEGL3,,,Cardiovascular,0,1,,2,"Headache, Dizziness, Lightheadedness, fatigue, sleepiness, convulsions, loss of consciousness, personality change, memory loss, coma and death",,,,,,,,,,,
A,630-08-0,CARBON MONOXIDE,,Acute,min,30,600,AEGL3,,,Cardiovascular,0,1,,2,"Headache, Dizziness, Lightheadedness, fatigue, sleepiness, convulsions, loss of consciousness, personality change, memory loss, coma and death",,,,,,,,,,,
A,630-08-0,CARBON MONOXIDE,,Acute,min,60,330,AEGL3,,,Cardiovascular,0,1,,2,"Headache, Dizziness, Lightheadedness, fatigue, sleepiness, convulsions, loss of consciousness, personality change, memory loss, coma and death",,,,,,,,,,,
A,630-08-0,CARBON MONOXIDE,,Acute,min,240,150,AEGL3,,,Cardiovascular,0,1,,2,"Headache, Dizziness, Lightheadedness, fatigue, sleepiness, convulsions, loss of consciousness, personality change, memory loss, coma and death",,,,,,,,,,,
A,630-08-0,CARBON MONOXIDE,,Acute,min,480,130,AEGL3,,,Cardiovascular,0,1,,2,"Headache, Dizziness, Lightheadedness, fatigue, sleepiness, convulsions, loss of consciousness, personality change, memory loss, coma and death",,,,,,,,,,,
A,10028-15-6,OZONE,Exposure,Acute,min,0,0.1,NISOH_PEL,,,Resp.,1,1,,3,Chronic Exposure Lung Damage,,,,,,,,,,,
A,10028-15-6,OZONE,Exposure,Acute,hours,8,0.1,OSHA_PEL,,,Resp.,1,1,,3,Chronic Exposure Lung Damage,,,,,,,,,,,
A,50-00-0,FORMALDEHYDE ,Exposure,ACUTE,hours,8,0.75,OSHA_PEL,,,Resp.,1,1,,3,"Irritate Skin, Eyes, Throat, Nose, higher exposures pulminary edema, repeated exposure unconciousness and death",,,,,,,,,,,
A,50-00-0,FORMALDEHYDE ,Exposure,ACUTE,min,15,2,OSHA_PEL,,,Resp.,1,1,,3,"Irritate Skin, Eyes, Throat, Nose, higher exposures pulminary edema, repeated exposure unconciousness and death",,,,,,,,,,,
A,50-00-0,FORMALDEHYDE ,Exposure,ACUTE,hours,10,0.016,NISOH_PEL,,,Resp.,1,1,,3,"Irritate Skin, Eyes, Throat, Nose, higher exposures pulminary edema, repeated exposure unconciousness and death",,,,,,,,,,,
A,50-00-0,FORMALDEHYDE ,Exposure,ACUTE,min,15,0.1,NISOH_PEL,,,Resp.,1,1,,3,"Irritate Skin, Eyes, Throat, Nose, higher exposures pulminary edema, repeated exposure unconciousness and death",,,,,,,,,,,
A,50-00-0,FORMALDEHYDE ,Exposure,ACUTE,min,10,0.9,AEGL1,,,Resp.,1,1,,3,"Irritate Skin, Eyes, Throat, Nose, higher exposures pulminary edema, repeated exposure unconciousness and death",,,,,,,,,,,
A,50-00-0,FORMALDEHYDE ,Exposure,ACUTE,min,30,0.9,AEGL1,,,Resp.,1,1,,3,"Irritate Skin, Eyes, Throat, Nose, higher exposures pulminary edema, repeated exposure unconciousness and death",,,,,,,,,,,
A,50-00-0,FORMALDEHYDE ,Exposure,ACUTE,min,60,0.9,AEGL1,,,Resp.,1,1,,3,"Irritate Skin, Eyes, Throat, Nose, higher exposures pulminary edema, repeated exposure unconciousness and death",,,,,,,,,,,
A,50-00-0,FORMALDEHYDE ,Exposure,ACUTE,min,240,0.9,AEGL1,,,Resp.,1,1,,3,"Irritate Skin, Eyes, Throat, Nose, higher exposures pulminary edema, repeated exposure unconciousness and death",,,,,,,,,,,
A,50-00-0,FORMALDEHYDE ,Exposure,ACUTE,min,480,0.9,AEGL1,,,Resp.,1,1,,3,"Irritate Skin, Eyes, Throat, Nose, higher exposures pulminary edema, repeated exposure unconciousness and death",,,,,,,,,,,
A,50-00-0,FORMALDEHYDE ,Exposure,ACUTE,min,10,14,AEGL2,,,Resp.,1,1,,3,"Irritate Skin, Eyes, Throat, Nose, higher exposures pulminary edema, repeated exposure unconciousness and death",,,,,,,,,,,
A,50-00-0,FORMALDEHYDE ,Exposure,ACUTE,min,30,14,AEGL2,,,Resp.,1,1,,3,"Irritate Skin, Eyes, Throat, Nose, higher exposures pulminary edema, repeated exposure unconciousness and death",,,,,,,,,,,
A,50-00-0,FORMALDEHYDE ,Exposure,ACUTE,min,60,14,AEGL2,,,Resp.,1,1,,3,"Irritate Skin, Eyes, Throat, Nose, higher exposures pulminary edema, repeated exposure unconciousness and death",,,,,,,,,,,
A,50-00-0,FORMALDEHYDE ,Exposure,ACUTE,min,240,14,AEGL2,,,Resp.,1,1,,3,"Irritate Skin, Eyes, Throat, Nose, higher exposures pulminary edema, repeated exposure unconciousness and death",,,,,,,,,,,
A,50-00-0,FORMALDEHYDE ,Exposure,ACUTE,min,480,14,AEGL2,,,Resp.,1,1,,3,"Irritate Skin, Eyes, Throat, Nose, higher exposures pulminary edema, repeated exposure unconciousness and death",,,,,,,,,,,
A,50-00-0,FORMALDEHYDE ,Exposure,ACUTE,min,10,100,AEGL3,,,Resp.,1,1,,3,"Irritate Skin, Eyes, Throat, Nose, higher exposures pulminary edema, repeated exposure unconciousness and death",,,,,,,,,,,
A,50-00-0,FORMALDEHYDE ,Exposure,ACUTE,min,30,70,AEGL3,,,Resp.,1,1,,3,"Irritate Skin, Eyes, Throat, Nose, higher exposures pulminary edema, repeated exposure unconciousness and death",,,,,,,,,,,
A,50-00-0,FORMALDEHYDE ,Exposure,ACUTE,min,60,56,AEGL3,,,Resp.,1,1,,3,"Irritate Skin, Eyes, Throat, Nose, higher exposures pulminary edema, repeated exposure unconciousness and death",,,,,,,,,,,
A,50-00-0,FORMALDEHYDE ,Exposure,ACUTE,min,240,35,AEGL3,,,Resp.,1,1,,3,"Irritate Skin, Eyes, Throat, Nose, higher exposures pulminary edema, repeated exposure unconciousness and death",,,,,,,,,,,
A,50-00-0,FORMALDEHYDE ,Exposure,ACUTE,min,480,35,AEGL3,,,Resp.,1,1,,3,"Irritate Skin, Eyes, Throat, Nose, higher exposures pulminary edema, repeated exposure unconciousness and death",,,,,,,,,,,
A,50-00-0,FORMALDEHYDE ,Inh.,Acute,days,1,0.04,ATSDR MRL,,,Resp.,1,1,,3,"Irritate Skin, Eyes, Throat, Nose, higher exposures pulminary edema, repeated exposure unconciousness and death",,,,,,,,,,,
A,50-00-0,FORMALDEHYDE ,Inh.,Int.,days,15,0.03,ATSDR MRL,,,Resp.,1,1,,3,"Irritate Skin, Eyes, Throat, Nose, higher exposures pulminary edema, repeated exposure unconciousness and death",,,,,,,,,,,
A,50-00-0,FORMALDEHYDE ,Inh.,Chr.,Years,1,0.008,ATSDR MRL,,,Resp.,1,1,,3,"Irritate Skin, Eyes, Throat, Nose, higher exposures pulminary edema, repeated exposure unconciousness and death",,,,,,,,,,,
A,74-98-6,PROPANE,Exposure,Acute,min,10,10000,AEGL1,,,Resp.,0,1,,2,"Headache, Dizziness, Lightheadedness, fatigue, sleepiness, convulsions, loss of consciousness, personality change, memory loss, coma and death",,,,,,,,,,,
A,74-98-6,PROPANE,Exposure,Acute,min,30,6900,AEGL1,,,Resp.,0,1,,2,"Headache, Dizziness, Lightheadedness, fatigue, sleepiness, convulsions, loss of consciousness, personality change, memory loss, coma and death",,,,,,,,,,,
A,74-98-6,PROPANE,Exposure,Acute,min,60,5500,AEGL1,,,Resp.,0,1,,2,"Headache, Dizziness, Lightheadedness, fatigue, sleepiness, convulsions, loss of consciousness, personality change, memory loss, coma and death",,,,,,,,,,,
A,74-98-6,PROPANE,Exposure,Acute,min,240,5500,AEGL1,,,Resp.,0,1,,2,"Headache, Dizziness, Lightheadedness, fatigue, sleepiness, convulsions, loss of consciousness, personality change, memory loss, coma and death",,,,,,,,,,,
A,74-98-6,PROPANE,Exposure,Acute,min,480,5500,AEGL1,,,Resp.,0,1,,2,"Headache, Dizziness, Lightheadedness, fatigue, sleepiness, convulsions, loss of consciousness, personality change, memory loss, coma and death",,,,,,,,,,,
A,74-98-6,PROPANE,Exposure,Acute,min,10,17000,AEGL2,,,Resp.,0,1,,2,"Headache, Dizziness, Lightheadedness, fatigue, sleepiness, convulsions, loss of consciousness, personality change, memory loss, coma and death",,,,,,,,,,,
A,74-98-6,PROPANE,Exposure,Acute,min,30,17000,AEGL2,,,Resp.,0,1,,2,"Headache, Dizziness, Lightheadedness, fatigue, sleepiness, convulsions, loss of consciousness, personality change, memory loss, coma and death",,,,,,,,,,,
A,74-98-6,PROPANE,Exposure,Acute,min,60,17000,AEGL2,,,Resp.,0,1,,2,"Headache, Dizziness, Lightheadedness, fatigue, sleepiness, convulsions, loss of consciousness, personality change, memory loss, coma and death",,,,,,,,,,,
A,74-98-6,PROPANE,Exposure,Acute,min,240,17000,AEGL2,,,Resp.,0,1,,2,"Headache, Dizziness, Lightheadedness, fatigue, sleepiness, convulsions, loss of consciousness, personality change, memory loss, coma and death",,,,,,,,,,,
A,74-98-6,PROPANE,Exposure,Acute,min,480,17000,AEGL2,,,Resp.,0,1,,2,"Headache, Dizziness, Lightheadedness, fatigue, sleepiness, convulsions, loss of consciousness, personality change, memory loss, coma and death",,,,,,,,,,,
A,74-98-6,PROPANE,Exposure,Acute,min,10,33000,AEGL3,,,Resp.,0,1,,2,"Headache, Dizziness, Lightheadedness, fatigue, sleepiness, convulsions, loss of consciousness, personality change, memory loss, coma and death",,,,,,,,,,,
A,74-98-6,PROPANE,Exposure,Acute,min,30,33000,AEGL3,,,Resp.,0,1,,2,"Headache, Dizziness, Lightheadedness, fatigue, sleepiness, convulsions, loss of consciousness, personality change, memory loss, coma and death",,,,,,,,,,,
A,74-98-6,PROPANE,Exposure,Acute,min,60,33000,AEGL3,,,Resp.,0,1,,2,"Headache, Dizziness, Lightheadedness, fatigue, sleepiness, convulsions, loss of consciousness, personality change, memory loss, coma and death",,,,,,,,,,,
A,74-98-6,PROPANE,Exposure,Acute,min,240,33000,AEGL3,,,Resp.,0,1,,2,"Headache, Dizziness, Lightheadedness, fatigue, sleepiness, convulsions, loss of consciousness, personality change, memory loss, coma and death",,,,,,,,,,,
A,74-98-6,PROPANE,Exposure,Acute,min,480,33000,AEGL3,,,Resp.,0,1,,2,"Headache, Dizziness, Lightheadedness, fatigue, sleepiness, convulsions, loss of consciousness, personality change, memory loss, coma and death",,,,,,,,,,,
A,74-98-6,PROPANE,Exposure,Acute,hours,8,1000,OSHA_PEL,,,Resp.,0,1,,2,"Headache, Dizziness, Lightheadedness, fatigue, sleepiness, convulsions, loss of consciousness, personality change, memory loss, coma and death",,,,,,,,,,,
A,74-98-6,PROPANE,Exposure,Acute,hours,10,1000,NISOH_PEL,,,Resp.,0,1,,2,"Headache, Dizziness, Lightheadedness, fatigue, sleepiness, convulsions, loss of consciousness, personality change, memory loss, coma and death",,,,,,,,,,,
A,75-09-2,METHANE,Inh.,Acute,days,1,0.6 ppm,ATSDR MRL,,,Neurol.,0,0,,2,"Headache, Dizziness, Lightheadedness, liver damage",,,,,,,,,,,
A,74-82-8,METHANE,Inh.,Int.,days,15,0.3 ppm,ATSDR MRL,,,Hepatic,0,0,,2,"Headache, Dizziness, Lightheadedness, liver damage",,,,,,,,,,,
A,74-82-8,METHANE,Inh.,Chr.,Years,1,0.3 ppm,ATSDR MRL,,,Hepatic,0,0,,2,"Headache, Dizziness, Lightheadedness, liver damage",,,,,,,,,,,
